Epoch,Train_Loss,Train_Accuracy,Val_Loss,Val_Accuracy
1,1.6609811427887906,0.4847416986454066,1.3294837024476793,0.5534888296666907
